"discountedcashflow,discountedcashflow_modified"
"0.744093914896725 0.744093914896725"
"2.76837877093167 2.3667228577074"
"4.11986759515906 3.30044612200922"
"6.13113681547613 4.58042023234414"
"6.84321239369261 4.74933386584819"
"5.09199270049252 3.27587783353574"
"3.78892078313502 2.26022338707941"
