"discountedcashflow,discountedcashflow_modified"
"0.744093914896725 0.744093914896725"
"2.76837877093167 2.76837877093167"
"4.11986759515906 4.11986759515905"
"6.13113681547613 6.13113681547585"
"6.84321239369261 6.84321239368975"
"5.09199270049252 5.09199270047989"
"3.78892078313502 3.78892078309733"
